[
  {
    "id": 1,
    "name": "Andaman and Nicobar Islands",
    "country_id": 101,
    "country_code": "IN",
    "country_name": "India",
    "state_code": "AN",
    "type": "Union territory",
    "latitude": "11.74008670",
    "longitude": "92.65864010"
  },
  {
    "id": 2,
    "name": "Andhra Pradesh",
    "country_id": 101,
    "country_code": "IN",
    "country_name": "India",
    "state_code": "AP",
    "type": "state",
    "latitude": "15.91289980",
    "longitude": "79.73998750"
  },
  {
    "id": 3,
    "name": "Arunachal Pradesh",
    "country_id": 101,
    "country_code": "IN",
    "country_name": "India",
    "state_code": "AR",
    "type": "state",
    "latitude": "28.21799940",
    "longitude": "94.72775280"
  },
  {
    "id": 4,
    "name": "Assam",
    "country_id": 101,
    "country_code": "IN",
    "country_name": "India",
    "state_code": "AS",
    "type": "state",
    "latitude": "26.20060430",
    "longitude": "92.93757390"
  },
  {
    "id": 5,
    "name": "Bihar",
    "country_id": 101,
    "country_code": "IN",
    "country_name": "India",
    "state_code": "BR",
    "type": "state",
    "latitude": "25.09607420",
    "longitude": "85.31311940"
  },
  {
    "id": 6,
    "name": "Chandigarh",
    "country_id": 101,
    "country_code": "IN",
    "country_name": "India",
    "state_code": "CH",
    "type": "Union territory",
    "latitude": "30.73331480",
    "longitude": "76.77941790"
  },
  {
    "id": 7,
    "name": "Chhattisgarh",
    "country_id": 101,
    "country_code": "IN",
    "country_name": "India",
    "state_code": "CT",
    "type": "state",
    "latitude": "21.27865670",
    "longitude": "81.86614420"
  },
  {
    "id": 8,
    "name": "Dadra and Nagar Haveli and Daman and Diu",
    "country_id": 101,
    "country_code": "IN",
    "country_name": "India",
    "state_code": "DH",
    "type": "Union territory",
    "latitude": "20.39737360",
    "longitude": "72.83279910"
  },
  {
    "id": 9,
    "name": "Delhi",
    "country_id": 101,
    "country_code": "IN",
    "country_name": "India",
    "state_code": "DL",
    "type": "Union territory",
    "latitude": "28.70405920",
    "longitude": "77.10249020"
  },
  {
    "id": 10,
    "name": "Goa",
    "country_id": 101,
    "country_code": "IN",
    "country_name": "India",
    "state_code": "GA",
    "type": "state",
    "latitude": "15.29932650",
    "longitude": "74.12399600"
  },
  {
    "id": 11,
    "name": "Gujarat",
    "country_id": 101,
    "country_code": "IN",
    "country_name": "India",
    "state_code": "GJ",
    "type": "state",
    "latitude": "22.25865200",
    "longitude": "71.19238050"
  },
  {
    "id": 12,
    "name": "Haryana",
    "country_id": 101,
    "country_code": "IN",
    "country_name": "India",
    "state_code": "HR",
    "type": "state",
    "latitude": "29.05877570",
    "longitude": "76.08560100"
  },
  {
    "id": 13,
    "name": "Himachal Pradesh",
    "country_id": 101,
    "country_code": "IN",
    "country_name": "India",
    "state_code": "HP",
    "type": "state",
    "latitude": "31.10482940",
    "longitude": "77.17339010"
  },
  {
    "id": 14,
    "name": "Jammu and Kashmir",
    "country_id": 101,
    "country_code": "IN",
    "country_name": "India",
    "state_code": "JK",
    "type": "Union territory",
    "latitude": "33.27783900",
    "longitude": "75.34121790"
  },
  {
    "id": 15,
    "name": "Jharkhand",
    "country_id": 101,
    "country_code": "IN",
    "country_name": "India",
    "state_code": "JH",
    "type": "state",
    "latitude": "23.61018080",
    "longitude": "85.27993540"
  },
  {
    "id": 16,
    "name": "Karnataka",
    "country_id": 101,
    "country_code": "IN",
    "country_name": "India",
    "state_code": "KA",
    "type": "state",
    "latitude": "15.31727750",
    "longitude": "75.71388840"
  },
  {
    "id": 17,
    "name": "Kerala",
    "country_id": 101,
    "country_code": "IN",
    "country_name": "India",
    "state_code": "KL",
    "type": "state",
    "latitude": "10.85051590",
    "longitude": "76.27108330"
  },
  {
    "id": 18,
    "name": "Ladakh",
    "country_id": 101,
    "country_code": "IN",
    "country_name": "India",
    "state_code": "LA",
    "type": "Union territory",
    "latitude": "34.22684750",
    "longitude": "77.56194190"
  },
  {
    "id": 19,
    "name": "Lakshadweep",
    "country_id": 101,
    "country_code": "IN",
    "country_name": "India",
    "state_code": "LD",
    "type": "Union territory",
    "latitude": "10.32802650",
    "longitude": "72.78463360"
  },
  {
    "id": 20,
    "name": "Madhya Pradesh",
    "country_id": 101,
    "country_code": "IN",
    "country_name": "India",
    "state_code": "MP",
    "type": "state",
    "latitude": "22.97342290",
    "longitude": "78.65689420"
  },
  {
    "id": 21,
    "name": "Maharashtra",
    "country_id": 101,
    "country_code": "IN",
    "country_name": "India",
    "state_code": "MH",
    "type": "state",
    "latitude": "19.75147980",
    "longitude": "75.71388840"
  },
  {
    "id": 22,
    "name": "Manipur",
    "country_id": 101,
    "country_code": "IN",
    "country_name": "India",
    "state_code": "MN",
    "type": "state",
    "latitude": "24.66371730",
    "longitude": "93.90626880"
  },
  {
    "id": 23,
    "name": "Meghalaya",
    "country_id": 101,
    "country_code": "IN",
    "country_name": "India",
    "state_code": "ML",
    "type": "state",
    "latitude": "25.46703080",
    "longitude": "91.36621600"
  },
  {
    "id": 24,
    "name": "Mizoram",
    "country_id": 101,
    "country_code": "IN",
    "country_name": "India",
    "state_code": "MZ",
    "type": "state",
    "latitude": "23.16454300",
    "longitude": "92.93757390"
  },
  {
    "id": 25,
    "name": "Nagaland",
    "country_id": 101,
    "country_code": "IN",
    "country_name": "India",
    "state_code": "NL",
    "type": "state",
    "latitude": "26.15843540",
    "longitude": "94.56244260"
  },
  {
    "id": 26,
    "name": "Odisha",
    "country_id": 101,
    "country_code": "IN",
    "country_name": "India",
    "state_code": "OR",
    "type": "state",
    "latitude": "20.95166580",
    "longitude": "85.09852360"
  },
  {
    "id": 27,
    "name": "Puducherry",
    "country_id": 101,
    "country_code": "IN",
    "country_name": "India",
    "state_code": "PY",
    "type": "Union territory",
    "latitude": "11.94159150",
    "longitude": "79.80831330"
  },
  {
    "id": 28,
    "name": "Punjab",
    "country_id": 101,
    "country_code": "IN",
    "country_name": "India",
    "state_code": "PB",
    "type": "state",
    "latitude": "31.14713050",
    "longitude": "75.34121790"
  },
  {
    "id": 29,
    "name": "Rajasthan",
    "country_id": 101,
    "country_code": "IN",
    "country_name": "India",
    "state_code": "RJ",
    "type": "state",
    "latitude": "27.02380360",
    "longitude": "74.21793260"
  },
  {
    "id": 30,
    "name": "Sikkim",
    "country_id": 101,
    "country_code": "IN",
    "country_name": "India",
    "state_code": "SK",
    "type": "state",
    "latitude": "27.53297180",
    "longitude": "88.51221780"
  },
  {
    "id": 31,
    "name": "Tamil Nadu",
    "country_id": 101,
    "country_code": "IN",
    "country_name": "India",
    "state_code": "TN",
    "type": "state",
    "latitude": "11.12712250",
    "longitude": "78.65689420"
  },
  {
    "id": 32,
    "name": "Telangana",
    "country_id": 101,
    "country_code": "IN",
    "country_name": "India",
    "state_code": "TG",
    "type": "state",
    "latitude": "18.11243720",
    "longitude": "79.01929970"
  },
  {
    "id": 33,
    "name": "Tripura",
    "country_id": 101,
    "country_code": "IN",
    "country_name": "India",
    "state_code": "TR",
    "type": "state",
    "latitude": "23.94084820",
    "longitude": "91.98815270"
  },
  {
    "id": 34,
    "name": "Uttar Pradesh",
    "country_id": 101,
    "country_code": "IN",
    "country_name": "India",
    "state_code": "UP",
    "type": "state",
    "latitude": "26.84670880",
    "longitude": "80.94615920"
  },
  {
    "id": 35,
    "name": "Uttarakhand",
    "country_id": 101,
    "country_code": "IN",
    "country_name": "India",
    "state_code": "UK",
    "type": "state",
    "latitude": "30.06675300",
    "longitude": "79.01929970"
  },
  {
    "id": 36,
    "name": "West Bengal",
    "country_id": 101,
    "country_code": "IN",
    "country_name": "India",
    "state_code": "WB",
    "type": "state",
    "latitude": "22.98675690",
    "longitude": "87.85497550"
  }
]
